{
    "context_precision": 0.93333333324,
    "context_recall": 0.9333333333333333,
    "faithfulness": 0.8777777777777778,
    "answer_relevancy": 0.980214189641184
}