{
    "context_precision": 0.799999999935,
    "context_recall": 0.7166666666666666,
    "faithfulness": 0.8566666666666667,
    "answer_relevancy": 0.931091908818712
}